<annotation>
	<folder>object_detection</folder>
	<filename>bikes9.jpeg</filename>
	<path>C:\Users\Ramu\Desktop\Machine_Learning\interview\object_detection\bikes9.jpeg</path>
	<source>
		<database>Unknown</database>
	</source>
	<size>
		<width>2880</width>
		<height>2880</height>
		<depth>3</depth>
	</size>
	<segmented>0</segmented>
	<object>
		<name>bike</name>
		<pose>Unspecified</pose>
		<truncated>0</truncated>
		<difficult>0</difficult>
		<bndbox>
			<xmin>66</xmin>
			<ymin>36</ymin>
			<xmax>2766</xmax>
			<ymax>2853</ymax>
		</bndbox>
	</object>
</annotation>
