<annotation>
	<folder>object_detection</folder>
	<filename>bikes8.jpg</filename>
	<path>C:\Users\Ramu\Desktop\Machine_Learning\interview\object_detection\bikes8.jpg</path>
	<source>
		<database>Unknown</database>
	</source>
	<size>
		<width>500</width>
		<height>307</height>
		<depth>3</depth>
	</size>
	<segmented>0</segmented>
	<object>
		<name>bike</name>
		<pose>Unspecified</pose>
		<truncated>0</truncated>
		<difficult>0</difficult>
		<bndbox>
			<xmin>105</xmin>
			<ymin>4</ymin>
			<xmax>412</xmax>
			<ymax>294</ymax>
		</bndbox>
	</object>
</annotation>
