<annotation>
	<folder>object_detection</folder>
	<filename>bikes3.png</filename>
	<path>C:\Users\Ramu\Desktop\Machine_Learning\interview\object_detection\bikes3.png</path>
	<source>
		<database>Unknown</database>
	</source>
	<size>
		<width>500</width>
		<height>500</height>
		<depth>3</depth>
	</size>
	<segmented>0</segmented>
	<object>
		<name>bike</name>
		<pose>Unspecified</pose>
		<truncated>0</truncated>
		<difficult>0</difficult>
		<bndbox>
			<xmin>23</xmin>
			<ymin>33</ymin>
			<xmax>452</xmax>
			<ymax>470</ymax>
		</bndbox>
	</object>
</annotation>
