<annotation>
	<folder>object_detection</folder>
	<filename>cars (108).jpg</filename>
	<path>C:\Users\Ramu\Desktop\Machine_Learning\interview\object_detection\cars (108).jpg</path>
	<source>
		<database>Unknown</database>
	</source>
	<size>
		<width>715</width>
		<height>477</height>
		<depth>3</depth>
	</size>
	<segmented>0</segmented>
	<object>
		<name>car</name>
		<pose>Unspecified</pose>
		<truncated>0</truncated>
		<difficult>0</difficult>
		<bndbox>
			<xmin>196</xmin>
			<ymin>181</ymin>
			<xmax>602</xmax>
			<ymax>403</ymax>
		</bndbox>
	</object>
</annotation>
