<annotation>
	<folder>object_detection</folder>
	<filename>cars (107).jpg</filename>
	<path>C:\Users\Ramu\Desktop\Machine_Learning\interview\object_detection\cars (107).jpg</path>
	<source>
		<database>Unknown</database>
	</source>
	<size>
		<width>2709</width>
		<height>1551</height>
		<depth>3</depth>
	</size>
	<segmented>0</segmented>
	<object>
		<name>car</name>
		<pose>Unspecified</pose>
		<truncated>1</truncated>
		<difficult>0</difficult>
		<bndbox>
			<xmin>46</xmin>
			<ymin>303</ymin>
			<xmax>2709</xmax>
			<ymax>1192</ymax>
		</bndbox>
	</object>
</annotation>
