<annotation>
	<folder>object_detection</folder>
	<filename>cars (80).jpg</filename>
	<path>C:\Users\Ramu\Desktop\Machine_Learning\interview\object_detection\cars (80).jpg</path>
	<source>
		<database>Unknown</database>
	</source>
	<size>
		<width>800</width>
		<height>496</height>
		<depth>3</depth>
	</size>
	<segmented>0</segmented>
	<object>
		<name>car</name>
		<pose>Unspecified</pose>
		<truncated>0</truncated>
		<difficult>0</difficult>
		<bndbox>
			<xmin>12</xmin>
			<ymin>77</ymin>
			<xmax>786</xmax>
			<ymax>449</ymax>
		</bndbox>
	</object>
</annotation>
