<annotation>
	<folder>object_detection</folder>
	<filename>cars (76).jpg</filename>
	<path>C:\Users\Ramu\Desktop\Machine_Learning\interview\object_detection\cars (76).jpg</path>
	<source>
		<database>Unknown</database>
	</source>
	<size>
		<width>800</width>
		<height>533</height>
		<depth>3</depth>
	</size>
	<segmented>0</segmented>
	<object>
		<name>car</name>
		<pose>Unspecified</pose>
		<truncated>0</truncated>
		<difficult>0</difficult>
		<bndbox>
			<xmin>31</xmin>
			<ymin>39</ymin>
			<xmax>737</xmax>
			<ymax>522</ymax>
		</bndbox>
	</object>
</annotation>
