<annotation>
	<folder>object_detection</folder>
	<filename>cars (103).jpg</filename>
	<path>C:\Users\Ramu\Desktop\Machine_Learning\interview\object_detection\cars (103).jpg</path>
	<source>
		<database>Unknown</database>
	</source>
	<size>
		<width>4288</width>
		<height>2848</height>
		<depth>3</depth>
	</size>
	<segmented>0</segmented>
	<object>
		<name>car</name>
		<pose>Unspecified</pose>
		<truncated>0</truncated>
		<difficult>0</difficult>
		<bndbox>
			<xmin>600</xmin>
			<ymin>554</ymin>
			<xmax>4192</xmax>
			<ymax>2411</ymax>
		</bndbox>
	</object>
</annotation>
