<annotation>
	<folder>object_detection</folder>
	<filename>cars2025.jpg</filename>
	<path>C:\Users\Ramu\Desktop\Machine_Learning\interview\object_detection\cars2025.jpg</path>
	<source>
		<database>Unknown</database>
	</source>
	<size>
		<width>280</width>
		<height>180</height>
		<depth>3</depth>
	</size>
	<segmented>0</segmented>
	<object>
		<name>car</name>
		<pose>Unspecified</pose>
		<truncated>0</truncated>
		<difficult>0</difficult>
		<bndbox>
			<xmin>10</xmin>
			<ymin>43</ymin>
			<xmax>272</xmax>
			<ymax>163</ymax>
		</bndbox>
	</object>
</annotation>
