<annotation>
	<folder>object_detection</folder>
	<filename>cars (112).jpg</filename>
	<path>C:\Users\Ramu\Desktop\Machine_Learning\interview\object_detection\cars (112).jpg</path>
	<source>
		<database>Unknown</database>
	</source>
	<size>
		<width>4032</width>
		<height>3024</height>
		<depth>3</depth>
	</size>
	<segmented>0</segmented>
	<object>
		<name>car</name>
		<pose>Unspecified</pose>
		<truncated>0</truncated>
		<difficult>0</difficult>
		<bndbox>
			<xmin>807</xmin>
			<ymin>798</ymin>
			<xmax>3298</xmax>
			<ymax>2575</ymax>
		</bndbox>
	</object>
	<object>
		<name>car</name>
		<pose>Unspecified</pose>
		<truncated>0</truncated>
		<difficult>0</difficult>
		<bndbox>
			<xmin>2966</xmin>
			<ymin>870</ymin>
			<xmax>3875</xmax>
			<ymax>1770</ymax>
		</bndbox>
	</object>
	<object>
		<name>car</name>
		<pose>Unspecified</pose>
		<truncated>1</truncated>
		<difficult>0</difficult>
		<bndbox>
			<xmin>3566</xmin>
			<ymin>598</ymin>
			<xmax>4032</xmax>
			<ymax>2370</ymax>
		</bndbox>
	</object>
</annotation>
