<annotation>
	<folder>object_detection</folder>
	<filename>cars (96).jpg</filename>
	<path>C:\Users\Ramu\Desktop\Machine_Learning\interview\object_detection\cars (96).jpg</path>
	<source>
		<database>Unknown</database>
	</source>
	<size>
		<width>774</width>
		<height>562</height>
		<depth>3</depth>
	</size>
	<segmented>0</segmented>
	<object>
		<name>car</name>
		<pose>Unspecified</pose>
		<truncated>0</truncated>
		<difficult>0</difficult>
		<bndbox>
			<xmin>69</xmin>
			<ymin>18</ymin>
			<xmax>659</xmax>
			<ymax>534</ymax>
		</bndbox>
	</object>
</annotation>
