<annotation>
	<folder>object_detection</folder>
	<filename>download (11).jpg</filename>
	<path>C:\Users\Ramu\Desktop\Machine_Learning\interview\object_detection\download (11).jpg</path>
	<source>
		<database>Unknown</database>
	</source>
	<size>
		<width>310</width>
		<height>162</height>
		<depth>3</depth>
	</size>
	<segmented>0</segmented>
	<object>
		<name>car</name>
		<pose>Unspecified</pose>
		<truncated>0</truncated>
		<difficult>0</difficult>
		<bndbox>
			<xmin>135</xmin>
			<ymin>17</ymin>
			<xmax>307</xmax>
			<ymax>140</ymax>
		</bndbox>
	</object>
	<object>
		<name>bike</name>
		<pose>Unspecified</pose>
		<truncated>1</truncated>
		<difficult>0</difficult>
		<bndbox>
			<xmin>1</xmin>
			<ymin>5</ymin>
			<xmax>124</xmax>
			<ymax>160</ymax>
		</bndbox>
	</object>
</annotation>
