<annotation>
	<folder>object_detection</folder>
	<filename>images (38).jpg</filename>
	<path>C:\Users\Ramu\Desktop\Machine_Learning\interview\object_detection\images (38).jpg</path>
	<source>
		<database>Unknown</database>
	</source>
	<size>
		<width>259</width>
		<height>194</height>
		<depth>3</depth>
	</size>
	<segmented>0</segmented>
	<object>
		<name>bike</name>
		<pose>Unspecified</pose>
		<truncated>0</truncated>
		<difficult>0</difficult>
		<bndbox>
			<xmin>21</xmin>
			<ymin>11</ymin>
			<xmax>246</xmax>
			<ymax>183</ymax>
		</bndbox>
	</object>
</annotation>
