<annotation>
	<folder>object_detection</folder>
	<filename>images (7).jpg</filename>
	<path>C:\Users\Ramu\Desktop\Machine_Learning\interview\object_detection\images (7).jpg</path>
	<source>
		<database>Unknown</database>
	</source>
	<size>
		<width>389</width>
		<height>130</height>
		<depth>3</depth>
	</size>
	<segmented>0</segmented>
	<object>
		<name>bike</name>
		<pose>Unspecified</pose>
		<truncated>1</truncated>
		<difficult>0</difficult>
		<bndbox>
			<xmin>290</xmin>
			<ymin>2</ymin>
			<xmax>361</xmax>
			<ymax>130</ymax>
		</bndbox>
	</object>
</annotation>
