<annotation>
	<folder>object_detection</folder>
	<filename>images (46).jpg</filename>
	<path>C:\Users\Ramu\Desktop\Machine_Learning\interview\object_detection\images (46).jpg</path>
	<source>
		<database>Unknown</database>
	</source>
	<size>
		<width>275</width>
		<height>183</height>
		<depth>3</depth>
	</size>
	<segmented>0</segmented>
	<object>
		<name>bike</name>
		<pose>Unspecified</pose>
		<truncated>0</truncated>
		<difficult>0</difficult>
		<bndbox>
			<xmin>52</xmin>
			<ymin>19</ymin>
			<xmax>246</xmax>
			<ymax>151</ymax>
		</bndbox>
	</object>
</annotation>
